{
    "keep": {
        "days": true,
        "amount": 14
    },
    "auditLog": ".35f6b8ddec6dd2a0b087054ec0157ee36ba0cfb7-audit.json",
    "files": [
        {
            "date": 1659884363507,
            "name": "chuyen-bac-2022-08-07.log",
            "hash": "6650999c4ae6d23741fc28777282541e"
        },
        {
            "date": 1659891605522,
            "name": "chuyen-bac-2022-08-08.log",
            "hash": "6d4d533546646dee38702b9f5657bb28"
        },
        {
            "date": 1659978005640,
            "name": "chuyen-bac-2022-08-09.log",
            "hash": "9f6258b4983356d26f243bf5b3de1a2e"
        },
        {
            "date": 1660064404754,
            "name": "chuyen-bac-2022-08-10.log",
            "hash": "f89812a976f290ece7b01684778c32e1"
        }
    ]
}