{
    "keep": {
        "days": true,
        "amount": 14
    },
    "auditLog": ".35f6b8ddec6dd2a0b087054ec0157ee36ba0cfb7-audit.json",
    "files": [
        {
            "date": 1668828443077,
            "name": "chuyen-bac-2022-11-19.log",
            "hash": "736ed1ab285012d0947c7b95c76d0df4"
        },
        {
            "date": 1668908893185,
            "name": "chuyen-bac-2022-11-20.log",
            "hash": "11336e3b9ae02abdd75aae57d0fea1cc"
        },
        {
            "date": 1669003849891,
            "name": "chuyen-bac-2022-11-21.log",
            "hash": "7b7c4f0a63ec0be8b4558848926a288c"
        },
        {
            "date": 1669099128409,
            "name": "chuyen-bac-2022-11-22.log",
            "hash": "3dcb3436c029d023b3e8426a920de6ca"
        },
        {
            "date": 1669180773325,
            "name": "chuyen-bac-2022-11-23.log",
            "hash": "f4c51cd60f24ba87a823242a30f713a6"
        },
        {
            "date": 1669263218801,
            "name": "chuyen-bac-2022-11-24.log",
            "hash": "8e039ecbc81d6a1eb4dc930af9e7878b"
        },
        {
            "date": 1669338119103,
            "name": "chuyen-bac-2022-11-25.log",
            "hash": "8773065aa05dc771994c4c46a949154b"
        },
        {
            "date": 1669448421064,
            "name": "chuyen-bac-2022-11-26.log",
            "hash": "06ad2defb99fc0d53e98f07ef60596f8"
        },
        {
            "date": 1669519303483,
            "name": "chuyen-bac-2022-11-27.log",
            "hash": "e4f4898d25a167903c70c16407705d6e"
        },
        {
            "date": 1669604682124,
            "name": "chuyen-bac-2022-11-28.log",
            "hash": "ae676582ba4e8869c2341dcd8e1d4cfc"
        },
        {
            "date": 1669691876324,
            "name": "chuyen-bac-2022-11-29.log",
            "hash": "9e4b2fcf6f40af0eeced5d9c96fe4d15"
        },
        {
            "date": 1669802824406,
            "name": "chuyen-bac-2022-11-30.log",
            "hash": "6c86bf9742870cece4f2b3ca80445131"
        },
        {
            "date": 1669856592324,
            "name": "chuyen-bac-2022-12-01.log",
            "hash": "2195855aef918aa2d799b22a3ed24b3a"
        },
        {
            "date": 1669981802738,
            "name": "chuyen-bac-2022-12-02.log",
            "hash": "19c055a232e46ee45b471a048caac72c"
        }
    ]
}